<?xml version="1.0" encoding="UTF-8"?>
<rss version="2.0" xmlns:atom="http://www.w3.org/2005/Atom">
  <channel>
    <title>Your Comic Title</title>
    <description>Here's the description of your comic!</description>
    <link>https://peahatlanding.github.io/Plain-Webcomic//</link>
    <atom:link href="https://peahatlanding.github.io/Plain-Webcomic//feed.xml" rel="self" type="application/rss+xml"/>
    <pubDate>Tue, 01 Aug 2017 17:08:12 -0700</pubDate>
    <lastBuildDate>Tue, 01 Aug 2017 17:08:12 -0700</lastBuildDate>
    <generator>Jekyll v3.2.1</generator>
    
      <item>
        <title>4</title>
        <description>&lt;p&gt;&lt;img src=&quot;https://peahatlanding.github.io/Plain-Webcomic//pages/004.png&quot; alt=&quot;PAGE FOUR&quot; /&gt;&lt;/p&gt;
</description>
        <pubDate>Sun, 23 Apr 2017 11:42:56 -0700</pubDate>
        <link>https://peahatlanding.github.io/Plain-Webcomic//004</link>
        <guid isPermaLink="true">https://peahatlanding.github.io/Plain-Webcomic//004</guid>
        
        
        <category>page</category>
        
      </item>
    
      <item>
        <title>3</title>
        <description>&lt;p&gt;&lt;img src=&quot;https://peahatlanding.github.io/Plain-Webcomic//pages/003.png&quot; alt=&quot;PAGE THREE&quot; /&gt;&lt;/p&gt;
</description>
        <pubDate>Sun, 23 Apr 2017 11:42:56 -0700</pubDate>
        <link>https://peahatlanding.github.io/Plain-Webcomic//003</link>
        <guid isPermaLink="true">https://peahatlanding.github.io/Plain-Webcomic//003</guid>
        
        
        <category>page</category>
        
      </item>
    
      <item>
        <title>2</title>
        <description>&lt;p&gt;&lt;img src=&quot;https://peahatlanding.github.io/Plain-Webcomic//pages/002.png&quot; alt=&quot;PAGE TWO&quot; /&gt;&lt;/p&gt;
</description>
        <pubDate>Sun, 23 Apr 2017 11:42:56 -0700</pubDate>
        <link>https://peahatlanding.github.io/Plain-Webcomic//002</link>
        <guid isPermaLink="true">https://peahatlanding.github.io/Plain-Webcomic//002</guid>
        
        
        <category>page</category>
        
      </item>
    
      <item>
        <title>1</title>
        <description>&lt;p&gt;&lt;img src=&quot;https://peahatlanding.github.io/Plain-Webcomic//pages/001.png&quot; alt=&quot;PAGE ONE&quot; /&gt;&lt;/p&gt;
</description>
        <pubDate>Sun, 23 Apr 2017 11:42:56 -0700</pubDate>
        <link>https://peahatlanding.github.io/Plain-Webcomic//001</link>
        <guid isPermaLink="true">https://peahatlanding.github.io/Plain-Webcomic//001</guid>
        
        
        <category>page</category>
        
      </item>
    
  </channel>
</rss>
